,filename,n_rings,double_bonds,bonds,atoms
0,../data/polycyclic_hydrocarbons/pah_0.mol,4,8,19,16
1,../data/polycyclic_hydrocarbons/pah_1.mol,5,10,24,20
2,../data/polycyclic_hydrocarbons/pah_2.mol,5,10,24,20
3,../data/polycyclic_hydrocarbons/pah_3.mol,5,10,24,20
4,../data/polycyclic_hydrocarbons/pah_4.mol,6,11,27,22
5,../data/polycyclic_hydrocarbons/pah_5.mol,6,11,27,22
6,../data/polycyclic_hydrocarbons/pah_6.mol,7,12,30,24
7,../data/polycyclic_hydrocarbons/pah_7.mol,6,12,29,24
8,../data/polycyclic_hydrocarbons/pah_8.mol,6,12,29,24
9,../data/polycyclic_hydrocarbons/pah_9.mol,6,12,29,24
10,../data/polycyclic_hydrocarbons/pah_10.mol,6,12,29,24
11,../data/polycyclic_hydrocarbons/pah_11.mol,6,12,29,24
12,../data/polycyclic_hydrocarbons/pah_12.mol,6,12,29,24
13,../data/polycyclic_hydrocarbons/pah_13.mol,6,12,29,24
14,../data/polycyclic_hydrocarbons/pah_14.mol,6,12,29,24
15,../data/polycyclic_hydrocarbons/pah_15.mol,6,12,29,24
16,../data/polycyclic_hydrocarbons/pah_16.mol,6,12,29,24
17,../data/polycyclic_hydrocarbons/pah_17.mol,6,12,29,24
18,../data/polycyclic_hydrocarbons/pah_18.mol,6,12,29,24
19,../data/polycyclic_hydrocarbons/pah_19.mol,6,12,29,24
20,../data/polycyclic_hydrocarbons/pah_20.mol,7,13,32,26
21,../data/polycyclic_hydrocarbons/pah_21.mol,7,13,32,26
22,../data/polycyclic_hydrocarbons/pah_22.mol,7,13,32,26
23,../data/polycyclic_hydrocarbons/pah_23.mol,7,13,32,26
24,../data/polycyclic_hydrocarbons/pah_24.mol,7,13,32,26
25,../data/polycyclic_hydrocarbons/pah_25.mol,7,13,32,26
26,../data/polycyclic_hydrocarbons/pah_26.mol,7,13,32,26
27,../data/polycyclic_hydrocarbons/pah_27.mol,7,13,32,26
28,../data/polycyclic_hydrocarbons/pah_28.mol,7,13,32,26
29,../data/polycyclic_hydrocarbons/pah_29.mol,8,14,35,28
30,../data/polycyclic_hydrocarbons/pah_30.mol,8,14,35,28
31,../data/polycyclic_hydrocarbons/pah_31.mol,8,14,35,28
32,../data/polycyclic_hydrocarbons/pah_32.mol,8,14,35,28
33,../data/polycyclic_hydrocarbons/pah_33.mol,8,14,35,28
34,../data/polycyclic_hydrocarbons/pah_34.mol,8,14,35,28
35,../data/polycyclic_hydrocarbons/pah_35.mol,8,14,35,28
36,../data/polycyclic_hydrocarbons/pah_36.mol,8,14,35,28
37,../data/polycyclic_hydrocarbons/pah_37.mol,7,14,34,28
38,../data/polycyclic_hydrocarbons/pah_38.mol,7,14,34,28
39,../data/polycyclic_hydrocarbons/pah_39.mol,7,14,34,28
40,../data/polycyclic_hydrocarbons/pah_40.mol,7,14,34,28
41,../data/polycyclic_hydrocarbons/pah_41.mol,7,14,34,28
42,../data/polycyclic_hydrocarbons/pah_42.mol,7,14,34,28
43,../data/polycyclic_hydrocarbons/pah_43.mol,7,14,34,28
44,../data/polycyclic_hydrocarbons/pah_44.mol,7,14,34,28
45,../data/polycyclic_hydrocarbons/pah_45.mol,7,14,34,28
46,../data/polycyclic_hydrocarbons/pah_46.mol,7,14,34,28
47,../data/polycyclic_hydrocarbons/pah_47.mol,7,14,34,28
48,../data/polycyclic_hydrocarbons/pah_48.mol,7,14,34,28
49,../data/polycyclic_hydrocarbons/pah_49.mol,7,14,34,28
50,../data/polycyclic_hydrocarbons/pah_50.mol,7,14,34,28
51,../data/polycyclic_hydrocarbons/pah_51.mol,7,14,34,28
52,../data/polycyclic_hydrocarbons/pah_52.mol,7,14,34,28
53,../data/polycyclic_hydrocarbons/pah_53.mol,7,14,34,28
54,../data/polycyclic_hydrocarbons/pah_54.mol,7,14,34,28
55,../data/polycyclic_hydrocarbons/pah_55.mol,7,14,34,28
56,../data/polycyclic_hydrocarbons/pah_56.mol,7,14,34,28
57,../data/polycyclic_hydrocarbons/pah_57.mol,7,14,34,28
58,../data/polycyclic_hydrocarbons/pah_58.mol,7,14,34,28
59,../data/polycyclic_hydrocarbons/pah_59.mol,7,14,34,28
60,../data/polycyclic_hydrocarbons/pah_60.mol,7,14,34,28
61,../data/polycyclic_hydrocarbons/pah_61.mol,7,14,34,28
62,../data/polycyclic_hydrocarbons/pah_62.mol,7,14,34,28
63,../data/polycyclic_hydrocarbons/pah_63.mol,7,14,34,28
64,../data/polycyclic_hydrocarbons/pah_64.mol,7,14,34,28
65,../data/polycyclic_hydrocarbons/pah_65.mol,7,14,34,28
66,../data/polycyclic_hydrocarbons/pah_66.mol,7,14,34,28
67,../data/polycyclic_hydrocarbons/pah_67.mol,7,14,34,28
68,../data/polycyclic_hydrocarbons/pah_68.mol,7,14,34,28
69,../data/polycyclic_hydrocarbons/pah_69.mol,7,14,34,28
70,../data/polycyclic_hydrocarbons/pah_70.mol,7,14,34,28
71,../data/polycyclic_hydrocarbons/pah_71.mol,7,14,34,28
72,../data/polycyclic_hydrocarbons/pah_72.mol,7,14,34,28
73,../data/polycyclic_hydrocarbons/pah_73.mol,7,14,34,28
74,../data/polycyclic_hydrocarbons/pah_74.mol,7,14,34,28
75,../data/polycyclic_hydrocarbons/pah_75.mol,7,14,34,28
76,../data/polycyclic_hydrocarbons/pah_76.mol,7,14,34,28
77,../data/polycyclic_hydrocarbons/pah_77.mol,7,14,34,28
78,../data/polycyclic_hydrocarbons/pah_78.mol,7,14,34,28
79,../data/polycyclic_hydrocarbons/pah_79.mol,7,14,34,28
80,../data/polycyclic_hydrocarbons/pah_80.mol,7,14,34,28
81,../data/polycyclic_hydrocarbons/pah_81.mol,7,14,34,28
82,../data/polycyclic_hydrocarbons/pah_82.mol,7,14,34,28
83,../data/polycyclic_hydrocarbons/pah_83.mol,7,14,34,28
84,../data/polycyclic_hydrocarbons/pah_84.mol,7,14,34,28
85,../data/polycyclic_hydrocarbons/pah_85.mol,7,14,34,28
86,../data/polycyclic_hydrocarbons/pah_86.mol,7,14,34,28
87,../data/polycyclic_hydrocarbons/pah_87.mol,7,14,34,28
88,../data/polycyclic_hydrocarbons/pah_88.mol,7,14,34,28
89,../data/polycyclic_hydrocarbons/pah_89.mol,7,14,34,28
90,../data/polycyclic_hydrocarbons/pah_90.mol,7,14,34,28
91,../data/polycyclic_hydrocarbons/pah_91.mol,7,14,34,28
92,../data/polycyclic_hydrocarbons/pah_92.mol,7,14,34,28
93,../data/polycyclic_hydrocarbons/pah_93.mol,7,14,34,28
94,../data/polycyclic_hydrocarbons/pah_94.mol,7,14,34,28
95,../data/polycyclic_hydrocarbons/pah_95.mol,8,15,37,30
96,../data/polycyclic_hydrocarbons/pah_96.mol,8,15,37,30
97,../data/polycyclic_hydrocarbons/pah_97.mol,8,15,37,30
98,../data/polycyclic_hydrocarbons/pah_98.mol,8,15,37,30
99,../data/polycyclic_hydrocarbons/pah_99.mol,8,15,37,30
100,../data/polycyclic_hydrocarbons/pah_100.mol,8,15,37,30
101,../data/polycyclic_hydrocarbons/pah_101.mol,8,15,37,30
102,../data/polycyclic_hydrocarbons/pah_102.mol,8,15,37,30
103,../data/polycyclic_hydrocarbons/pah_103.mol,8,15,37,30
104,../data/polycyclic_hydrocarbons/pah_104.mol,8,15,37,30
105,../data/polycyclic_hydrocarbons/pah_105.mol,8,15,37,30
106,../data/polycyclic_hydrocarbons/pah_106.mol,8,15,37,30
107,../data/polycyclic_hydrocarbons/pah_107.mol,8,15,37,30
108,../data/polycyclic_hydrocarbons/pah_108.mol,8,15,37,30
109,../data/polycyclic_hydrocarbons/pah_109.mol,8,15,37,30
110,../data/polycyclic_hydrocarbons/pah_110.mol,8,15,37,30
111,../data/polycyclic_hydrocarbons/pah_111.mol,8,15,37,30
112,../data/polycyclic_hydrocarbons/pah_112.mol,8,15,37,30
113,../data/polycyclic_hydrocarbons/pah_113.mol,8,15,37,30
114,../data/polycyclic_hydrocarbons/pah_114.mol,8,15,37,30
115,../data/polycyclic_hydrocarbons/pah_115.mol,8,15,37,30
116,../data/polycyclic_hydrocarbons/pah_116.mol,8,15,37,30
117,../data/polycyclic_hydrocarbons/pah_117.mol,8,15,37,30
118,../data/polycyclic_hydrocarbons/pah_118.mol,8,15,37,30
119,../data/polycyclic_hydrocarbons/pah_119.mol,8,15,37,30
120,../data/polycyclic_hydrocarbons/pah_120.mol,8,15,37,30
121,../data/polycyclic_hydrocarbons/pah_121.mol,8,15,37,30
122,../data/polycyclic_hydrocarbons/pah_122.mol,8,15,37,30
123,../data/polycyclic_hydrocarbons/pah_123.mol,8,15,37,30
124,../data/polycyclic_hydrocarbons/pah_124.mol,8,15,37,30
125,../data/polycyclic_hydrocarbons/pah_125.mol,8,15,37,30
126,../data/polycyclic_hydrocarbons/pah_126.mol,8,15,37,30
127,../data/polycyclic_hydrocarbons/pah_127.mol,8,15,37,30
128,../data/polycyclic_hydrocarbons/pah_128.mol,8,15,37,30
129,../data/polycyclic_hydrocarbons/pah_129.mol,8,15,37,30
130,../data/polycyclic_hydrocarbons/pah_130.mol,8,15,37,30
131,../data/polycyclic_hydrocarbons/pah_131.mol,8,15,37,30
132,../data/polycyclic_hydrocarbons/pah_132.mol,8,15,37,30
133,../data/polycyclic_hydrocarbons/pah_133.mol,8,15,37,30
134,../data/polycyclic_hydrocarbons/pah_134.mol,8,15,37,30
135,../data/polycyclic_hydrocarbons/pah_135.mol,8,15,37,30
136,../data/polycyclic_hydrocarbons/pah_136.mol,8,15,37,30
137,../data/polycyclic_hydrocarbons/pah_137.mol,8,15,37,30
138,../data/polycyclic_hydrocarbons/pah_138.mol,8,15,37,30
139,../data/polycyclic_hydrocarbons/pah_139.mol,8,15,37,30
140,../data/polycyclic_hydrocarbons/pah_140.mol,8,15,37,30
141,../data/polycyclic_hydrocarbons/pah_141.mol,8,15,37,30
142,../data/polycyclic_hydrocarbons/pah_142.mol,8,15,37,30
143,../data/polycyclic_hydrocarbons/pah_143.mol,8,15,37,30
144,../data/polycyclic_hydrocarbons/pah_144.mol,8,15,37,30
145,../data/polycyclic_hydrocarbons/pah_145.mol,8,15,37,30
146,../data/polycyclic_hydrocarbons/pah_146.mol,8,15,37,30
147,../data/polycyclic_hydrocarbons/pah_147.mol,8,15,37,30
148,../data/polycyclic_hydrocarbons/pah_148.mol,8,15,37,30
149,../data/polycyclic_hydrocarbons/pah_149.mol,8,15,37,30
150,../data/polycyclic_hydrocarbons/pah_150.mol,8,15,37,30
151,../data/polycyclic_hydrocarbons/pah_151.mol,8,15,37,30
152,../data/polycyclic_hydrocarbons/pah_152.mol,8,16,39,32
153,../data/polycyclic_hydrocarbons/pah_153.mol,8,16,39,32
154,../data/polycyclic_hydrocarbons/pah_154.mol,8,16,39,32
155,../data/polycyclic_hydrocarbons/pah_155.mol,8,16,39,32
156,../data/polycyclic_hydrocarbons/pah_156.mol,8,16,39,32
157,../data/polycyclic_hydrocarbons/pah_157.mol,8,16,39,32
158,../data/polycyclic_hydrocarbons/pah_158.mol,8,16,39,32
159,../data/polycyclic_hydrocarbons/pah_159.mol,8,16,39,32
160,../data/polycyclic_hydrocarbons/pah_160.mol,8,16,39,32
161,../data/polycyclic_hydrocarbons/pah_161.mol,8,16,39,32
162,../data/polycyclic_hydrocarbons/pah_162.mol,8,16,39,32
163,../data/polycyclic_hydrocarbons/pah_163.mol,8,16,39,32
164,../data/polycyclic_hydrocarbons/pah_164.mol,8,16,39,32
165,../data/polycyclic_hydrocarbons/pah_165.mol,8,16,39,32
166,../data/polycyclic_hydrocarbons/pah_166.mol,8,16,39,32
167,../data/polycyclic_hydrocarbons/pah_167.mol,8,16,39,32
168,../data/polycyclic_hydrocarbons/pah_168.mol,8,16,39,32
169,../data/polycyclic_hydrocarbons/pah_169.mol,8,16,39,32
170,../data/polycyclic_hydrocarbons/pah_170.mol,8,16,39,32
171,../data/polycyclic_hydrocarbons/pah_171.mol,8,16,39,32
172,../data/polycyclic_hydrocarbons/pah_172.mol,8,16,39,32
173,../data/polycyclic_hydrocarbons/pah_173.mol,8,16,39,32
174,../data/polycyclic_hydrocarbons/pah_174.mol,8,16,39,32
175,../data/polycyclic_hydrocarbons/pah_175.mol,8,16,39,32
176,../data/polycyclic_hydrocarbons/pah_176.mol,8,16,39,32
177,../data/polycyclic_hydrocarbons/pah_177.mol,8,16,39,32
178,../data/polycyclic_hydrocarbons/pah_178.mol,8,16,39,32
179,../data/polycyclic_hydrocarbons/pah_179.mol,8,16,39,32
180,../data/polycyclic_hydrocarbons/pah_180.mol,8,16,39,32
181,../data/polycyclic_hydrocarbons/pah_181.mol,8,16,39,32
182,../data/polycyclic_hydrocarbons/pah_182.mol,8,16,39,32
183,../data/polycyclic_hydrocarbons/pah_183.mol,8,16,39,32
184,../data/polycyclic_hydrocarbons/pah_184.mol,8,16,39,32
185,../data/polycyclic_hydrocarbons/pah_185.mol,8,16,39,32
186,../data/polycyclic_hydrocarbons/pah_186.mol,8,16,39,32
187,../data/polycyclic_hydrocarbons/pah_187.mol,8,16,39,32
188,../data/polycyclic_hydrocarbons/pah_188.mol,8,16,39,32
189,../data/polycyclic_hydrocarbons/pah_189.mol,8,16,39,32
190,../data/polycyclic_hydrocarbons/pah_190.mol,8,16,39,32
191,../data/polycyclic_hydrocarbons/pah_191.mol,8,16,39,32
192,../data/polycyclic_hydrocarbons/pah_192.mol,8,16,39,32
193,../data/polycyclic_hydrocarbons/pah_193.mol,8,16,39,32
194,../data/polycyclic_hydrocarbons/pah_194.mol,8,16,39,32
195,../data/polycyclic_hydrocarbons/pah_195.mol,8,16,39,32
196,../data/polycyclic_hydrocarbons/pah_196.mol,8,16,39,32
197,../data/polycyclic_hydrocarbons/pah_197.mol,8,16,39,32
198,../data/polycyclic_hydrocarbons/pah_198.mol,8,16,39,32
199,../data/polycyclic_hydrocarbons/pah_199.mol,8,16,39,32
200,../data/polycyclic_hydrocarbons/pah_200.mol,8,16,39,32
201,../data/polycyclic_hydrocarbons/pah_201.mol,8,16,39,32
202,../data/polycyclic_hydrocarbons/pah_202.mol,8,16,39,32
203,../data/polycyclic_hydrocarbons/pah_203.mol,8,16,39,32
204,../data/polycyclic_hydrocarbons/pah_204.mol,8,16,39,32
205,../data/polycyclic_hydrocarbons/pah_205.mol,8,16,39,32
206,../data/polycyclic_hydrocarbons/pah_206.mol,8,16,39,32
207,../data/polycyclic_hydrocarbons/pah_207.mol,8,16,39,32
208,../data/polycyclic_hydrocarbons/pah_208.mol,8,16,39,32
209,../data/polycyclic_hydrocarbons/pah_209.mol,8,16,39,32
210,../data/polycyclic_hydrocarbons/pah_210.mol,8,16,39,32
211,../data/polycyclic_hydrocarbons/pah_211.mol,8,16,39,32
212,../data/polycyclic_hydrocarbons/pah_212.mol,8,16,39,32
213,../data/polycyclic_hydrocarbons/pah_213.mol,8,16,39,32
214,../data/polycyclic_hydrocarbons/pah_214.mol,8,16,39,32
215,../data/polycyclic_hydrocarbons/pah_215.mol,8,16,39,32
216,../data/polycyclic_hydrocarbons/pah_216.mol,8,16,39,32
217,../data/polycyclic_hydrocarbons/pah_217.mol,8,16,39,32
218,../data/polycyclic_hydrocarbons/pah_218.mol,8,16,39,32
219,../data/polycyclic_hydrocarbons/pah_219.mol,8,16,39,32
220,../data/polycyclic_hydrocarbons/pah_220.mol,8,16,39,32
221,../data/polycyclic_hydrocarbons/pah_221.mol,8,16,39,32
222,../data/polycyclic_hydrocarbons/pah_222.mol,8,16,39,32
223,../data/polycyclic_hydrocarbons/pah_223.mol,8,16,39,32
224,../data/polycyclic_hydrocarbons/pah_224.mol,8,16,39,32
225,../data/polycyclic_hydrocarbons/pah_225.mol,8,16,39,32
226,../data/polycyclic_hydrocarbons/pah_226.mol,8,16,39,32
227,../data/polycyclic_hydrocarbons/pah_227.mol,8,16,39,32
228,../data/polycyclic_hydrocarbons/pah_228.mol,8,16,39,32
229,../data/polycyclic_hydrocarbons/pah_229.mol,8,16,39,32
230,../data/polycyclic_hydrocarbons/pah_230.mol,8,16,39,32
231,../data/polycyclic_hydrocarbons/pah_231.mol,8,16,39,32
232,../data/polycyclic_hydrocarbons/pah_232.mol,8,16,39,32
233,../data/polycyclic_hydrocarbons/pah_233.mol,8,16,39,32
234,../data/polycyclic_hydrocarbons/pah_234.mol,8,16,39,32
235,../data/polycyclic_hydrocarbons/pah_235.mol,8,16,39,32
236,../data/polycyclic_hydrocarbons/pah_236.mol,8,16,39,32
237,../data/polycyclic_hydrocarbons/pah_237.mol,8,16,39,32
238,../data/polycyclic_hydrocarbons/pah_238.mol,8,16,39,32
239,../data/polycyclic_hydrocarbons/pah_239.mol,8,16,39,32
240,../data/polycyclic_hydrocarbons/pah_240.mol,8,16,39,32
241,../data/polycyclic_hydrocarbons/pah_241.mol,8,16,39,32
242,../data/polycyclic_hydrocarbons/pah_242.mol,8,16,39,32
243,../data/polycyclic_hydrocarbons/pah_243.mol,8,16,39,32
244,../data/polycyclic_hydrocarbons/pah_244.mol,8,16,39,32
245,../data/polycyclic_hydrocarbons/pah_245.mol,8,16,39,32
246,../data/polycyclic_hydrocarbons/pah_246.mol,8,16,39,32
247,../data/polycyclic_hydrocarbons/pah_247.mol,8,16,39,32
248,../data/polycyclic_hydrocarbons/pah_248.mol,8,16,39,32
249,../data/polycyclic_hydrocarbons/pah_249.mol,8,16,39,32
250,../data/polycyclic_hydrocarbons/pah_250.mol,8,16,39,32
251,../data/polycyclic_hydrocarbons/pah_251.mol,8,16,39,32
252,../data/polycyclic_hydrocarbons/pah_252.mol,8,16,39,32
253,../data/polycyclic_hydrocarbons/pah_253.mol,8,16,39,32
254,../data/polycyclic_hydrocarbons/pah_254.mol,8,16,39,32
255,../data/polycyclic_hydrocarbons/pah_255.mol,8,16,39,32
256,../data/polycyclic_hydrocarbons/pah_256.mol,8,16,39,32
257,../data/polycyclic_hydrocarbons/pah_257.mol,8,16,39,32
258,../data/polycyclic_hydrocarbons/pah_258.mol,8,16,39,32
259,../data/polycyclic_hydrocarbons/pah_259.mol,8,16,39,32
260,../data/polycyclic_hydrocarbons/pah_260.mol,8,16,39,32
261,../data/polycyclic_hydrocarbons/pah_261.mol,8,16,39,32
262,../data/polycyclic_hydrocarbons/pah_262.mol,8,16,39,32
263,../data/polycyclic_hydrocarbons/pah_263.mol,8,16,39,32
264,../data/polycyclic_hydrocarbons/pah_264.mol,8,16,39,32
265,../data/polycyclic_hydrocarbons/pah_265.mol,8,16,39,32
266,../data/polycyclic_hydrocarbons/pah_266.mol,8,16,39,32
267,../data/polycyclic_hydrocarbons/pah_267.mol,8,16,39,32
268,../data/polycyclic_hydrocarbons/pah_268.mol,8,16,39,32
269,../data/polycyclic_hydrocarbons/pah_269.mol,8,16,39,32
270,../data/polycyclic_hydrocarbons/pah_270.mol,8,16,39,32
271,../data/polycyclic_hydrocarbons/pah_271.mol,8,16,39,32
272,../data/polycyclic_hydrocarbons/pah_272.mol,8,16,39,32
273,../data/polycyclic_hydrocarbons/pah_273.mol,8,16,39,32
274,../data/polycyclic_hydrocarbons/pah_274.mol,8,16,39,32
275,../data/polycyclic_hydrocarbons/pah_275.mol,8,16,39,32
276,../data/polycyclic_hydrocarbons/pah_276.mol,8,16,39,32
277,../data/polycyclic_hydrocarbons/pah_277.mol,8,16,39,32
278,../data/polycyclic_hydrocarbons/pah_278.mol,8,16,39,32
279,../data/polycyclic_hydrocarbons/pah_279.mol,8,16,39,32
280,../data/polycyclic_hydrocarbons/pah_280.mol,8,16,39,32
281,../data/polycyclic_hydrocarbons/pah_281.mol,8,16,39,32
282,../data/polycyclic_hydrocarbons/pah_282.mol,8,16,39,32
283,../data/polycyclic_hydrocarbons/pah_283.mol,8,16,39,32
284,../data/polycyclic_hydrocarbons/pah_284.mol,8,16,39,32
285,../data/polycyclic_hydrocarbons/pah_285.mol,8,16,39,32
286,../data/polycyclic_hydrocarbons/pah_286.mol,8,16,39,32
287,../data/polycyclic_hydrocarbons/pah_287.mol,8,16,39,32
288,../data/polycyclic_hydrocarbons/pah_288.mol,8,16,39,32
289,../data/polycyclic_hydrocarbons/pah_289.mol,8,16,39,32
290,../data/polycyclic_hydrocarbons/pah_290.mol,8,16,39,32
291,../data/polycyclic_hydrocarbons/pah_291.mol,8,16,39,32
292,../data/polycyclic_hydrocarbons/pah_292.mol,8,16,39,32
293,../data/polycyclic_hydrocarbons/pah_293.mol,8,16,39,32
294,../data/polycyclic_hydrocarbons/pah_294.mol,8,16,39,32
295,../data/polycyclic_hydrocarbons/pah_295.mol,8,16,39,32
296,../data/polycyclic_hydrocarbons/pah_296.mol,8,16,39,32
297,../data/polycyclic_hydrocarbons/pah_297.mol,8,16,39,32
298,../data/polycyclic_hydrocarbons/pah_298.mol,8,16,39,32
299,../data/polycyclic_hydrocarbons/pah_299.mol,8,16,39,32
300,../data/polycyclic_hydrocarbons/pah_300.mol,8,16,39,32
301,../data/polycyclic_hydrocarbons/pah_301.mol,8,16,39,32
302,../data/polycyclic_hydrocarbons/pah_302.mol,8,16,39,32
303,../data/polycyclic_hydrocarbons/pah_303.mol,8,16,39,32
304,../data/polycyclic_hydrocarbons/pah_304.mol,8,16,39,32
305,../data/polycyclic_hydrocarbons/pah_305.mol,8,16,39,32
306,../data/polycyclic_hydrocarbons/pah_306.mol,8,16,39,32
307,../data/polycyclic_hydrocarbons/pah_307.mol,8,16,39,32
308,../data/polycyclic_hydrocarbons/pah_308.mol,8,16,39,32
309,../data/polycyclic_hydrocarbons/pah_309.mol,8,16,39,32
310,../data/polycyclic_hydrocarbons/pah_310.mol,8,16,39,32
311,../data/polycyclic_hydrocarbons/pah_311.mol,8,16,39,32
312,../data/polycyclic_hydrocarbons/pah_312.mol,8,16,39,32
313,../data/polycyclic_hydrocarbons/pah_313.mol,8,16,39,32
314,../data/polycyclic_hydrocarbons/pah_314.mol,8,16,39,32
315,../data/polycyclic_hydrocarbons/pah_315.mol,8,16,39,32
316,../data/polycyclic_hydrocarbons/pah_316.mol,8,16,39,32
317,../data/polycyclic_hydrocarbons/pah_317.mol,8,16,39,32
318,../data/polycyclic_hydrocarbons/pah_318.mol,8,16,39,32
319,../data/polycyclic_hydrocarbons/pah_319.mol,8,16,39,32
320,../data/polycyclic_hydrocarbons/pah_320.mol,8,16,39,32
321,../data/polycyclic_hydrocarbons/pah_321.mol,8,16,39,32
322,../data/polycyclic_hydrocarbons/pah_322.mol,8,16,39,32
323,../data/polycyclic_hydrocarbons/pah_323.mol,8,16,39,32
324,../data/polycyclic_hydrocarbons/pah_324.mol,8,16,39,32
325,../data/polycyclic_hydrocarbons/pah_325.mol,8,16,39,32
326,../data/polycyclic_hydrocarbons/pah_326.mol,8,16,39,32
327,../data/polycyclic_hydrocarbons/pah_327.mol,8,16,39,32
328,../data/polycyclic_hydrocarbons/pah_328.mol,8,16,39,32
329,../data/polycyclic_hydrocarbons/pah_329.mol,8,16,39,32
330,../data/polycyclic_hydrocarbons/pah_330.mol,8,16,39,32
331,../data/polycyclic_hydrocarbons/pah_331.mol,8,16,39,32
332,../data/polycyclic_hydrocarbons/pah_332.mol,8,16,39,32
333,../data/polycyclic_hydrocarbons/pah_333.mol,8,16,39,32
334,../data/polycyclic_hydrocarbons/pah_334.mol,8,16,39,32
335,../data/polycyclic_hydrocarbons/pah_335.mol,8,16,39,32
336,../data/polycyclic_hydrocarbons/pah_336.mol,8,16,39,32
337,../data/polycyclic_hydrocarbons/pah_337.mol,8,16,39,32
338,../data/polycyclic_hydrocarbons/pah_338.mol,8,16,39,32
339,../data/polycyclic_hydrocarbons/pah_339.mol,8,16,39,32
340,../data/polycyclic_hydrocarbons/pah_340.mol,8,16,39,32
341,../data/polycyclic_hydrocarbons/pah_341.mol,8,16,39,32
342,../data/polycyclic_hydrocarbons/pah_342.mol,8,16,39,32
343,../data/polycyclic_hydrocarbons/pah_343.mol,8,16,39,32
344,../data/polycyclic_hydrocarbons/pah_344.mol,8,16,39,32
345,../data/polycyclic_hydrocarbons/pah_345.mol,8,16,39,32
346,../data/polycyclic_hydrocarbons/pah_346.mol,8,16,39,32
347,../data/polycyclic_hydrocarbons/pah_347.mol,8,16,39,32
348,../data/polycyclic_hydrocarbons/pah_348.mol,8,16,39,32
349,../data/polycyclic_hydrocarbons/pah_349.mol,8,16,39,32
350,../data/polycyclic_hydrocarbons/pah_350.mol,8,16,39,32
351,../data/polycyclic_hydrocarbons/pah_351.mol,8,16,39,32
352,../data/polycyclic_hydrocarbons/pah_352.mol,8,16,39,32
353,../data/polycyclic_hydrocarbons/pah_353.mol,8,16,39,32
354,../data/polycyclic_hydrocarbons/pah_354.mol,8,16,39,32
355,../data/polycyclic_hydrocarbons/pah_355.mol,8,16,39,32
356,../data/polycyclic_hydrocarbons/pah_356.mol,8,16,39,32
357,../data/polycyclic_hydrocarbons/pah_357.mol,8,16,39,32
358,../data/polycyclic_hydrocarbons/pah_358.mol,8,16,39,32
359,../data/polycyclic_hydrocarbons/pah_359.mol,8,16,39,32
360,../data/polycyclic_hydrocarbons/pah_360.mol,8,16,39,32
361,../data/polycyclic_hydrocarbons/pah_361.mol,8,16,39,32
362,../data/polycyclic_hydrocarbons/pah_362.mol,8,16,39,32
363,../data/polycyclic_hydrocarbons/pah_363.mol,8,16,39,32
364,../data/polycyclic_hydrocarbons/pah_364.mol,8,16,39,32
365,../data/polycyclic_hydrocarbons/pah_365.mol,8,16,39,32
366,../data/polycyclic_hydrocarbons/pah_366.mol,8,16,39,32
367,../data/polycyclic_hydrocarbons/pah_367.mol,8,16,39,32
368,../data/polycyclic_hydrocarbons/pah_368.mol,8,16,39,32
369,../data/polycyclic_hydrocarbons/pah_369.mol,8,16,39,32
370,../data/polycyclic_hydrocarbons/pah_370.mol,8,16,39,32
371,../data/polycyclic_hydrocarbons/pah_371.mol,8,16,39,32
372,../data/polycyclic_hydrocarbons/pah_372.mol,8,16,39,32
373,../data/polycyclic_hydrocarbons/pah_373.mol,8,16,39,32
374,../data/polycyclic_hydrocarbons/pah_374.mol,8,16,39,32
375,../data/polycyclic_hydrocarbons/pah_375.mol,8,16,39,32
376,../data/polycyclic_hydrocarbons/pah_376.mol,8,16,39,32
377,../data/polycyclic_hydrocarbons/pah_377.mol,8,16,39,32
378,../data/polycyclic_hydrocarbons/pah_378.mol,8,16,39,32
379,../data/polycyclic_hydrocarbons/pah_379.mol,8,16,39,32
380,../data/polycyclic_hydrocarbons/pah_380.mol,8,16,39,32
381,../data/polycyclic_hydrocarbons/pah_381.mol,8,16,39,32
382,../data/polycyclic_hydrocarbons/pah_382.mol,8,16,39,32
383,../data/polycyclic_hydrocarbons/pah_383.mol,8,16,39,32
384,../data/polycyclic_hydrocarbons/pah_384.mol,8,16,39,32
385,../data/polycyclic_hydrocarbons/pah_385.mol,8,16,39,32
386,../data/polycyclic_hydrocarbons/pah_386.mol,8,16,39,32
387,../data/polycyclic_hydrocarbons/pah_387.mol,8,16,39,32
388,../data/polycyclic_hydrocarbons/pah_388.mol,8,16,39,32
389,../data/polycyclic_hydrocarbons/pah_389.mol,8,16,39,32
390,../data/polycyclic_hydrocarbons/pah_390.mol,8,16,39,32
391,../data/polycyclic_hydrocarbons/pah_391.mol,8,16,39,32
392,../data/polycyclic_hydrocarbons/pah_392.mol,8,16,39,32
393,../data/polycyclic_hydrocarbons/pah_393.mol,8,16,39,32
394,../data/polycyclic_hydrocarbons/pah_394.mol,8,16,39,32
395,../data/polycyclic_hydrocarbons/pah_395.mol,8,16,39,32
396,../data/polycyclic_hydrocarbons/pah_396.mol,8,16,39,32
397,../data/polycyclic_hydrocarbons/pah_397.mol,8,16,39,32
398,../data/polycyclic_hydrocarbons/pah_398.mol,8,16,39,32
399,../data/polycyclic_hydrocarbons/pah_399.mol,8,16,39,32
400,../data/polycyclic_hydrocarbons/pah_400.mol,8,16,39,32
401,../data/polycyclic_hydrocarbons/pah_401.mol,8,16,39,32
402,../data/polycyclic_hydrocarbons/pah_402.mol,8,16,39,32
403,../data/polycyclic_hydrocarbons/pah_403.mol,8,16,39,32
404,../data/polycyclic_hydrocarbons/pah_404.mol,8,16,39,32
405,../data/polycyclic_hydrocarbons/pah_405.mol,8,16,39,32
406,../data/polycyclic_hydrocarbons/pah_406.mol,8,16,39,32
407,../data/polycyclic_hydrocarbons/pah_407.mol,8,16,39,32
408,../data/polycyclic_hydrocarbons/pah_408.mol,8,16,39,32
409,../data/polycyclic_hydrocarbons/pah_409.mol,8,16,39,32
410,../data/polycyclic_hydrocarbons/pah_410.mol,8,16,39,32
411,../data/polycyclic_hydrocarbons/pah_411.mol,8,16,39,32
412,../data/polycyclic_hydrocarbons/pah_412.mol,8,16,39,32
413,../data/polycyclic_hydrocarbons/pah_413.mol,8,16,39,32
414,../data/polycyclic_hydrocarbons/pah_414.mol,8,16,39,32
415,../data/polycyclic_hydrocarbons/pah_415.mol,8,16,39,32
